currency,bitcoin,cardano,dogecoin,ethereum,solana,date
usd,95539,1.2,0.409553,3698.33,231.12,2024-12-04 14:00:06
usd,95692,1.2,0.411308,3705.2,230.72,2024-12-04 14:10:06
usd,95640,1.19,0.410561,3705.29,230.87,2024-12-04 14:20:07
usd,95799,1.19,0.411362,3714.44,231.51,2024-12-04 14:30:06
usd,96340,1.2,0.415764,3738.89,233.13,2024-12-04 14:40:06
usd,96222,1.2,0.414522,3750.73,232.75,2024-12-04 14:50:07
usd,96299,1.2,0.414745,3771.95,232.99,2024-12-04 15:00:06
usd,96052,1.2,0.414172,3801.61,233.55,2024-12-04 15:10:06
usd,95876,1.2,0.413149,3797.51,233.48,2024-12-04 15:20:07
usd,96128,1.2,0.414376,3817.7,233.95,2024-12-04 15:30:06
usd,96194,1.2,0.41533,3851.09,234.47,2024-12-04 15:40:06
usd,96126,1.2,0.415143,3844.96,234.72,2024-12-04 15:50:07
usd,95831,1.19,0.412831,3828.88,233.86,2024-12-04 16:00:06
usd,95568,1.18,0.411592,3825.66,233.1,2024-12-04 16:10:06
usd,95140,1.17,0.406992,3793.53,230.7,2024-12-04 16:20:07
usd,95112,1.17,0.406398,3786.22,229.26,2024-12-04 16:30:06
usd,95073,1.17,0.406237,3786.4,228.88,2024-12-04 16:40:06
usd,94912,1.16,0.404063,3771.93,227.36,2024-12-04 16:50:07
usd,94974,1.15,0.403339,3766.13,225.94,2024-12-04 17:00:06
usd,94764,1.15,0.403482,3768.97,226.15,2024-12-04 17:10:10
usd,94990,1.15,0.403564,3781.04,225.93,2024-12-04 17:20:07
usd,94916,1.16,0.404407,3788.41,226.28,2024-12-04 17:30:06
usd,95293,1.16,0.406589,3795.32,227.35,2024-12-04 17:40:06
usd,95164,1.16,0.405264,3795.68,227.4,2024-12-04 17:50:07
usd,95603,1.17,0.408498,3817.31,228.98,2024-12-04 18:00:06
usd,95601,1.17,0.409546,3820.3,229.45,2024-12-04 18:10:06
usd,95810,1.17,0.410653,3831.09,230.34,2024-12-04 18:20:07
usd,95713,1.17,0.410199,3822.04,229.56,2024-12-04 18:30:06
usd,95733,1.17,0.410455,3810.66,229.08,2024-12-04 18:40:06
usd,96322,1.18,0.412225,3829.07,230.46,2024-12-04 18:50:07
usd,96180,1.18,0.411647,3821.19,229.89,2024-12-04 19:00:06
usd,96343,1.18,0.413575,3830.45,230.76,2024-12-04 19:10:07
usd,96744,1.19,0.417554,3844.76,232.26,2024-12-04 19:20:07
usd,96555,1.19,0.417076,3835.11,231.86,2024-12-04 19:30:07
usd,96644,1.19,0.417019,3838.47,232.19,2024-12-04 19:40:06
usd,96862,1.19,0.416228,3835.77,232.55,2024-12-04 19:50:07
usd,97136,1.2,0.416937,3842.49,233.04,2024-12-04 20:00:06
usd,97473,1.2,0.417172,3850.53,233.09,2024-12-04 20:10:06
usd,98695,1.21,0.420625,3887.89,235.25,2024-12-04 20:20:07
usd,98943,1.21,0.422453,3892.28,235.87,2024-12-04 20:30:06
usd,98843,1.21,0.421703,3886.34,234.9,2024-12-04 20:40:06
usd,99113,1.2,0.420564,3874.54,233.61,2024-12-04 20:50:07
usd,99303,1.19,0.419273,3871.79,233.16,2024-12-04 21:00:06
usd,98994,1.19,0.422877,3883.02,233.28,2024-12-04 21:10:06
usd,98497,1.2,0.431289,3867.78,233.32,2024-12-04 21:20:07
usd,98667,1.2,0.433308,3875.09,234.03,2024-12-04 21:30:06
usd,98321,1.2,0.426299,3851.94,232.88,2024-12-04 21:40:06
usd,97907,1.19,0.423259,3848.78,231.81,2024-12-04 21:50:06
usd,97859,1.19,0.423057,3844.77,231.07,2024-12-04 22:00:06
usd,97987,1.2,0.422675,3849.26,230.58,2024-12-04 22:10:06
usd,98354,1.2,0.423153,3857.11,231.08,2024-12-04 22:20:06
usd,98504,1.2,0.424299,3860.67,231.54,2024-12-04 22:30:06
usd,98680,1.2,0.425901,3867.63,231.49,2024-12-04 22:40:06
usd,98429,1.2,0.424362,3859.47,231.19,2024-12-04 22:50:06
usd,98301,1.19,0.422112,3850.01,230.37,2024-12-04 23:00:07
usd,98695,1.19,0.422656,3857.54,229.6,2024-12-04 23:10:06
usd,98810,1.18,0.423094,3859.75,228.33,2024-12-04 23:20:06
usd,98858,1.18,0.422506,3858.74,227.87,2024-12-04 23:30:06
usd,99074,1.18,0.424519,3854.24,228.04,2024-12-04 23:40:06
usd,98960,1.18,0.426511,3836.26,228.69,2024-12-04 23:50:06
usd,98870,1.18,0.428671,3841.67,229.0,2024-12-05 00:00:06
usd,98678,1.18,0.431207,3835.14,229.09,2024-12-05 00:10:06
usd,98656,1.18,0.429896,3821.47,228.37,2024-12-05 00:20:06
usd,98944,1.18,0.433679,3824.89,228.4,2024-12-05 00:30:06
usd,98607,1.17,0.429901,3814.33,227.85,2024-12-05 00:40:06
usd,98491,1.17,0.428824,3809.8,227.43,2024-12-05 00:50:06
usd,98419,1.17,0.427524,3809.25,227.32,2024-12-05 01:00:06
usd,98489,1.16,0.42581,3799.66,226.37,2024-12-05 01:10:06
usd,98439,1.14,0.418533,3795.79,225.2,2024-12-05 01:20:06
usd,98510,1.14,0.413525,3789.95,224.94,2024-12-05 01:30:06
usd,98695,1.13,0.412787,3812.65,225.51,2024-12-05 01:40:06
usd,98498,1.14,0.414886,3819.28,226.35,2024-12-05 01:50:06
usd,98235,1.13,0.413089,3809.02,225.54,2024-12-05 02:00:06
usd,98425,1.14,0.414599,3812.66,226.35,2024-12-05 02:10:06
usd,98615,1.14,0.416259,3821.22,227.26,2024-12-05 02:20:06
usd,98701,1.14,0.417455,3823.78,227.51,2024-12-05 02:30:06
usd,100059,1.16,0.424923,3857.76,230.14,2024-12-05 02:40:06
usd,101220,1.17,0.431676,3870.53,233.71,2024-12-05 02:50:06
usd,100839,1.17,0.428195,3857.36,232.23,2024-12-05 03:00:06
usd,102317,1.19,0.434145,3902.94,234.71,2024-12-05 03:10:06
usd,103397,1.2,0.440523,3897.72,235.87,2024-12-05 03:20:06
usd,103071,1.22,0.442658,3867.32,236.4,2024-12-05 03:30:06
usd,102686,1.2,0.437565,3845.41,235.41,2024-12-05 03:40:06
usd,103167,1.2,0.441467,3848.25,235.54,2024-12-05 03:50:06
usd,103446,1.18,0.441247,3845.84,234.47,2024-12-05 04:00:06
usd,103575,1.18,0.438535,3846.79,234.34,2024-12-05 04:10:06
usd,102799,1.18,0.440169,3858.86,235.37,2024-12-05 04:20:06
usd,102591,1.19,0.441359,3864.22,236.1,2024-12-05 04:30:06
usd,102655,1.19,0.442152,3859.26,236.68,2024-12-05 04:40:06
usd,102953,1.21,0.448289,3867.94,237.92,2024-12-05 04:50:06
usd,103365,1.21,0.45231,3875.5,237.77,2024-12-05 05:00:06
usd,103427,1.2,0.458207,3865.22,237.13,2024-12-05 05:10:06
usd,103246,1.21,0.458149,3857.17,236.3,2024-12-05 05:20:06
usd,103448,1.2,0.458154,3860.45,236.99,2024-12-05 05:30:06
usd,103187,1.2,0.453304,3865.08,235.79,2024-12-05 05:40:06
usd,102123,1.19,0.444435,3829.28,233.57,2024-12-05 05:50:06
usd,102649,1.2,0.447614,3852.09,234.99,2024-12-05 06:00:07
usd,102529,1.19,0.445967,3844.96,234.87,2024-12-05 06:10:06
usd,101972,1.19,0.440842,3835.27,233.41,2024-12-05 06:20:06
usd,101734,1.19,0.43841,3829.44,232.51,2024-12-05 06:30:06
usd,101868,1.19,0.438204,3846.39,232.92,2024-12-05 06:40:06
usd,101922,1.19,0.436255,3855.07,233.47,2024-12-05 06:50:06
usd,101924,1.19,0.43697,3858.93,233.92,2024-12-05 07:00:06
usd,101972,1.2,0.437676,3853.18,233.98,2024-12-05 07:10:06
usd,101370,1.19,0.43292,3844.34,233.31,2024-12-05 07:20:06
usd,102012,1.2,0.435812,3858.94,234.35,2024-12-05 07:30:06
usd,102411,1.2,0.439126,3871.0,234.95,2024-12-05 07:40:06
usd,102603,1.21,0.440742,3868.95,234.99,2024-12-05 07:50:06
usd,102535,1.21,0.441383,3865.32,235.07,2024-12-05 08:00:07
usd,102573,1.21,0.441049,3858.71,234.32,2024-12-05 08:10:06
usd,102646,1.22,0.440673,3883.42,235.14,2024-12-05 08:20:06
usd,102839,1.23,0.440199,3897.31,235.72,2024-12-05 08:30:06
usd,102799,1.23,0.438199,3911.7,236.28,2024-12-05 08:40:06
usd,102706,1.23,0.438328,3904.57,235.93,2024-12-05 08:50:06
usd,102870,1.23,0.438669,3906.47,236.25,2024-12-05 09:00:06
usd,102699,1.22,0.435918,3907.42,235.62,2024-12-05 09:10:06
usd,103145,1.22,0.4386,3918.8,235.89,2024-12-05 09:20:06
usd,103095,1.22,0.438383,3918.17,235.85,2024-12-05 09:30:07
usd,102742,1.22,0.437935,3915.28,236.49,2024-12-05 09:40:06
usd,102668,1.22,0.439434,3916.13,236.82,2024-12-05 09:50:06
usd,102678,1.22,0.43985,3913.14,237.12,2024-12-05 10:00:06
usd,102616,1.22,0.440386,3919.83,237.27,2024-12-05 10:10:07
usd,102814,1.22,0.441922,3926.7,237.33,2024-12-05 10:20:06
usd,102726,1.23,0.444481,3918.46,237.31,2024-12-05 10:30:06
usd,102794,1.22,0.444925,3925.91,238.37,2024-12-05 10:40:06
usd,102456,1.22,0.443343,3923.67,237.8,2024-12-05 10:50:06
usd,102441,1.22,0.443622,3927.73,237.97,2024-12-05 11:00:06
usd,102421,1.22,0.443427,3921.21,237.7,2024-12-05 11:10:06
usd,102448,1.23,0.445439,3929.81,238.71,2024-12-05 11:20:06
usd,102433,1.23,0.446362,3933.03,239.36,2024-12-05 11:30:06
usd,102571,1.23,0.446479,3940.95,239.8,2024-12-05 11:40:06
usd,102758,1.23,0.44633,3944.67,240.31,2024-12-05 11:50:06
usd,102631,1.23,0.445267,3937.9,240.09,2024-12-05 12:00:06
usd,102748,1.23,0.445908,3933.34,242.37,2024-12-05 12:10:06
usd,102810,1.23,0.448575,3930.39,243.83,2024-12-05 12:20:06
usd,102813,1.23,0.446308,3928.46,244.14,2024-12-05 12:30:06
usd,102938,1.23,0.449518,3934.69,243.96,2024-12-05 12:40:06
usd,102896,1.22,0.451154,3931.11,243.95,2024-12-05 12:50:06
usd,102701,1.22,0.448238,3926.93,242.52,2024-12-05 13:00:06
usd,102833,1.22,0.448352,3922.7,241.38,2024-12-05 13:10:06
usd,103237,1.22,0.448785,3929.53,241.43,2024-12-05 13:20:06
usd,103222,1.22,0.447798,3923.19,241.12,2024-12-05 13:30:07
usd,103159,1.22,0.449315,3931.92,241.04,2024-12-05 13:40:06
usd,102882,1.21,0.45235,3924.98,240.15,2024-12-05 13:50:06
usd,103001,1.21,0.452028,3924.9,240.33,2024-12-05 14:00:07
usd,102807,1.22,0.45135,3922.23,240.19,2024-12-05 14:10:06
usd,102806,1.22,0.452164,3924.58,240.57,2024-12-05 14:20:06
usd,102572,1.22,0.451774,3913.26,239.22,2024-12-05 14:30:06
usd,103221,1.22,0.451387,3936.38,240.52,2024-12-05 14:40:06
usd,103489,1.21,0.452583,3945.38,240.74,2024-12-05 14:50:06
usd,103281,1.21,0.451018,3943.12,240.55,2024-12-05 15:00:06
usd,103335,1.21,0.451031,3932.7,241.15,2024-12-05 15:10:06
usd,103411,1.21,0.449222,3924.74,240.9,2024-12-05 15:20:06
usd,102505,1.2,0.444053,3889.88,238.31,2024-12-05 15:30:06
usd,101948,1.2,0.440079,3880.53,237.47,2024-12-05 15:40:06
usd,101822,1.21,0.439966,3893.38,238.08,2024-12-05 15:50:06
usd,101542,1.2,0.439037,3889.79,238.17,2024-12-05 16:00:06
usd,101767,1.21,0.440563,3901.49,240.7,2024-12-05 16:10:07
usd,101868,1.21,0.438814,3903.49,240.66,2024-12-05 16:20:06
usd,102036,1.22,0.439873,3907.29,241.17,2024-12-05 16:30:06
usd,100906,1.22,0.434432,3874.07,238.32,2024-12-05 16:40:06
usd,101611,1.24,0.437368,3906.01,240.05,2024-12-05 16:50:06
usd,101440,1.24,0.437451,3910.88,239.89,2024-12-05 17:00:06
usd,101136,1.23,0.437074,3905.77,239.74,2024-12-05 17:10:06
usd,100644,1.22,0.436859,3908.28,239.54,2024-12-05 17:20:06
usd,100812,1.22,0.438758,3919.94,240.12,2024-12-05 17:30:06
usd,101024,1.22,0.440159,3917.8,239.86,2024-12-05 17:40:06
usd,101059,1.22,0.440946,3910.45,239.75,2024-12-05 17:50:06
usd,101102,1.22,0.441695,3914.52,239.9,2024-12-05 18:00:06
usd,101322,1.23,0.443174,3920.01,240.06,2024-12-05 18:10:07
usd,101340,1.23,0.443945,3918.28,239.91,2024-12-05 18:20:06
usd,101205,1.23,0.443651,3908.15,239.39,2024-12-05 18:30:06
usd,101184,1.23,0.443255,3900.58,238.68,2024-12-05 18:40:06
usd,100793,1.23,0.441072,3883.9,237.57,2024-12-05 18:50:06
usd,100520,1.22,0.439481,3880.77,237.25,2024-12-05 19:00:06
usd,100455,1.22,0.438558,3874.77,236.49,2024-12-05 19:10:06
usd,100691,1.21,0.437563,3879.98,236.18,2024-12-05 19:20:06
usd,100936,1.21,0.439032,3882.01,236.6,2024-12-05 19:30:06
usd,100658,1.21,0.440652,3876.76,236.57,2024-12-05 19:40:06
usd,99359,1.2,0.434796,3833.57,233.66,2024-12-05 19:50:06
usd,99112,1.19,0.433693,3829.09,233.04,2024-12-05 20:00:07
usd,98391,1.18,0.429921,3811.91,231.53,2024-12-05 20:10:06
usd,98241,1.18,0.428552,3807.27,231.15,2024-12-05 20:20:07
usd,98508,1.18,0.429113,3817.2,231.39,2024-12-05 20:30:06
usd,98874,1.18,0.430155,3822.65,231.74,2024-12-05 20:40:06
usd,98916,1.18,0.431456,3821.6,232.28,2024-12-05 20:50:07
usd,99234,1.18,0.432663,3831.1,232.51,2024-12-05 21:00:06
usd,99336,1.18,0.432829,3835.18,232.87,2024-12-05 21:10:06
usd,99248,1.18,0.432731,3837.47,232.64,2024-12-05 21:20:06
usd,99342,1.18,0.433646,3849.67,233.27,2024-12-05 21:30:06
usd,98973,1.18,0.432854,3839.93,232.97,2024-12-05 21:40:06
usd,99228,1.19,0.433673,3852.96,233.98,2024-12-05 21:50:06
usd,99225,1.19,0.433891,3853.67,233.93,2024-12-05 22:00:06
usd,98888,1.2,0.434259,3854.2,233.94,2024-12-05 22:10:06
usd,98683,1.19,0.433054,3843.15,233.25,2024-12-05 22:20:06
usd,98328,1.19,0.430085,3827.75,232.07,2024-12-05 22:30:06
usd,95449,1.16,0.419989,3766.85,228.43,2024-12-05 22:40:06
usd,97046,1.18,0.430484,3820.1,233.48,2024-12-05 22:50:06
usd,96505,1.18,0.429155,3806.92,233.29,2024-12-05 23:00:06
usd,95807,1.17,0.426515,3781.59,233.23,2024-12-05 23:10:06
usd,96877,1.17,0.43021,3810.35,239.22,2024-12-05 23:20:06
usd,97261,1.18,0.432533,3826.04,240.36,2024-12-05 23:30:06
usd,96821,1.16,0.429221,3797.15,237.88,2024-12-05 23:40:06
usd,96701,1.16,0.427825,3787.06,236.93,2024-12-05 23:50:06
usd,97229,1.17,0.429448,3798.48,237.3,2024-12-06 00:00:06
usd,96498,1.16,0.424661,3776.56,235.13,2024-12-06 00:10:06
usd,97125,1.17,0.429361,3810.31,236.94,2024-12-06 00:20:06
usd,97232,1.17,0.430154,3820.83,237.93,2024-12-06 00:30:06
usd,97229,1.17,0.430735,3833.57,238.59,2024-12-06 00:40:06
usd,97379,1.17,0.433043,3855.24,238.57,2024-12-06 00:50:06
usd,97532,1.17,0.435681,3867.55,239.03,2024-12-06 01:00:06
usd,97182,1.17,0.434399,3851.17,240.53,2024-12-06 01:10:06
usd,97445,1.17,0.43482,3850.27,240.36,2024-12-06 01:20:06
usd,97711,1.18,0.436085,3862.73,241.91,2024-12-06 01:30:06
usd,98151,1.18,0.437468,3879.8,245.68,2024-12-06 01:40:06
usd,98612,1.19,0.438716,3890.14,245.76,2024-12-06 01:50:06
usd,98807,1.19,0.438425,3883.37,245.41,2024-12-06 02:00:06
usd,97944,1.18,0.434379,3860.25,243.5,2024-12-06 02:10:06
usd,97975,1.18,0.434975,3862.09,243.35,2024-12-06 02:20:06
usd,97897,1.18,0.434814,3862.08,242.92,2024-12-06 02:30:06
usd,97800,1.18,0.436118,3863.32,242.8,2024-12-06 02:40:06
usd,97844,1.19,0.43669,3868.25,243.06,2024-12-06 02:50:06
usd,97620,1.18,0.435804,3866.35,242.69,2024-12-06 03:00:06
usd,97565,1.18,0.434895,3867.05,242.12,2024-12-06 03:10:06
usd,97542,1.18,0.434658,3863.14,241.5,2024-12-06 03:20:06
usd,97380,1.18,0.434023,3864.3,241.4,2024-12-06 03:30:06
usd,97411,1.18,0.43353,3877.04,240.55,2024-12-06 03:40:06
usd,97586,1.19,0.435375,3884.68,241.29,2024-12-06 03:50:06
usd,97659,1.19,0.435565,3894.45,241.61,2024-12-06 04:00:06
usd,97778,1.19,0.43668,3906.34,242.34,2024-12-06 04:10:06
usd,97626,1.19,0.435432,3899.57,241.66,2024-12-06 04:20:06
usd,97564,1.19,0.435209,3895.79,241.4,2024-12-06 04:30:06
usd,97931,1.19,0.436162,3905.65,241.74,2024-12-06 04:40:06
usd,97937,1.19,0.435585,3899.04,241.0,2024-12-06 04:50:06
usd,97991,1.19,0.436217,3904.29,241.04,2024-12-06 05:00:06
usd,97850,1.19,0.435381,3897.31,240.72,2024-12-06 05:10:06
usd,98335,1.2,0.437186,3904.32,241.92,2024-12-06 05:20:06
usd,98158,1.2,0.436832,3895.02,241.51,2024-12-06 05:30:06
usd,97991,1.19,0.435381,3886.18,240.15,2024-12-06 05:40:06
usd,97884,1.19,0.434457,3880.06,239.43,2024-12-06 05:50:06
usd,97925,1.19,0.434688,3886.79,239.18,2024-12-06 06:00:06
usd,97889,1.19,0.435546,3893.76,238.78,2024-12-06 06:10:06
usd,98054,1.19,0.436924,3909.48,239.21,2024-12-06 06:20:06
usd,98119,1.19,0.437265,3909.88,239.11,2024-12-06 06:30:06
usd,98338,1.2,0.438423,3927.62,239.64,2024-12-06 06:40:06
usd,98018,1.19,0.436157,3912.5,238.46,2024-12-06 06:50:06
usd,98164,1.2,0.437212,3914.27,238.97,2024-12-06 07:00:06
usd,98082,1.2,0.436855,3904.82,238.78,2024-12-06 07:10:06
usd,97919,1.2,0.435746,3900.97,238.55,2024-12-06 07:20:06
usd,97921,1.19,0.435727,3900.93,238.58,2024-12-06 07:30:06
usd,98290,1.2,0.436727,3909.7,239.35,2024-12-06 07:40:06
usd,98035,1.19,0.435889,3894.15,238.7,2024-12-06 07:50:06
usd,98174,1.19,0.436714,3897.01,239.16,2024-12-06 08:00:06
usd,98303,1.19,0.436998,3899.69,239.54,2024-12-06 08:10:06
usd,98456,1.19,0.437974,3907.07,239.84,2024-12-06 08:20:06
usd,98561,1.19,0.439197,3908.16,239.98,2024-12-06 08:30:06
usd,98657,1.19,0.437781,3906.51,240.22,2024-12-06 08:40:06
usd,98673,1.19,0.438596,3902.32,239.97,2024-12-06 08:50:06
usd,98396,1.18,0.435811,3889.8,239.03,2024-12-06 09:00:06
usd,98310,1.17,0.432923,3881.75,237.65,2024-12-06 09:10:06
usd,98152,1.17,0.430555,3866.71,236.6,2024-12-06 09:20:06
usd,98334,1.17,0.430773,3871.73,236.76,2024-12-06 09:30:06
usd,98404,1.16,0.429378,3874.56,236.47,2024-12-06 09:40:06
usd,98337,1.17,0.430077,3882.84,236.67,2024-12-06 09:50:06
usd,98410,1.17,0.430239,3883.61,236.64,2024-12-06 10:00:06
usd,97938,1.16,0.427561,3865.25,235.3,2024-12-06 10:10:06
usd,98075,1.16,0.426475,3864.8,235.2,2024-12-06 10:20:06
usd,97794,1.15,0.424849,3852.66,234.76,2024-12-06 10:30:06
usd,98067,1.16,0.425998,3863.34,235.27,2024-12-06 10:40:06
usd,98230,1.16,0.428396,3873.02,236.0,2024-12-06 10:50:06
usd,98196,1.16,0.42872,3874.56,236.04,2024-12-06 11:00:06
usd,98336,1.16,0.430126,3876.95,236.2,2024-12-06 11:10:06
usd,98049,1.16,0.429167,3863.9,235.03,2024-12-06 11:20:06
usd,98209,1.16,0.42978,3868.48,235.08,2024-12-06 11:30:06
usd,97984,1.16,0.428364,3862.78,234.46,2024-12-06 11:40:06
usd,98003,1.16,0.426229,3861.75,234.28,2024-12-06 11:50:06
usd,98104,1.16,0.426769,3866.63,234.23,2024-12-06 12:00:06
usd,98401,1.17,0.428622,3879.65,235.17,2024-12-06 12:10:06
usd,98405,1.17,0.429157,3882.06,235.03,2024-12-06 12:20:06
usd,98250,1.17,0.428135,3876.15,234.6,2024-12-06 12:30:07
usd,98191,1.16,0.426929,3874.14,234.26,2024-12-06 12:40:06
usd,97881,1.16,0.425625,3864.78,233.21,2024-12-06 12:50:06
usd,97812,1.15,0.423886,3856.34,232.61,2024-12-06 13:00:06
usd,97828,1.15,0.423234,3850.37,231.88,2024-12-06 13:10:06
usd,97835,1.15,0.422448,3850.04,232.11,2024-12-06 13:20:06
usd,97920,1.15,0.422224,3851.9,231.96,2024-12-06 13:30:06
usd,98661,1.16,0.426256,3878.8,234.32,2024-12-06 13:40:06
usd,98715,1.17,0.428306,3887.84,234.45,2024-12-06 13:50:06
usd,98666,1.16,0.426019,3882.21,234.0,2024-12-06 14:00:06
usd,98466,1.16,0.425381,3879.91,234.22,2024-12-06 14:10:06
usd,98730,1.16,0.42622,3885.48,234.65,2024-12-06 14:20:06
usd,98989,1.16,0.42743,3897.25,235.37,2024-12-06 14:30:06
usd,99038,1.17,0.428293,3908.52,235.79,2024-12-06 14:40:06
usd,99015,1.17,0.428931,3934.09,236.28,2024-12-06 14:50:07
usd,99228,1.17,0.42986,3950.23,237.11,2024-12-06 15:00:06
usd,99024,1.17,0.429593,3976.95,236.53,2024-12-06 15:10:07
usd,98929,1.18,0.432483,4011.19,237.22,2024-12-06 15:20:06
usd,98776,1.19,0.431897,4010.26,237.19,2024-12-06 15:30:07
usd,99045,1.19,0.433263,4018.6,237.73,2024-12-06 15:40:06
usd,98900,1.19,0.43278,4014.75,237.45,2024-12-06 15:50:07
usd,98900,1.19,0.43278,4014.75,237.45,2024-12-06 16:00:07
usd,98900,1.19,0.43279,4014.75,237.45,2024-12-06 16:10:06
usd,98900,1.19,0.43279,4014.84,237.45,2024-12-06 16:20:24
usd,99042,1.2,0.432994,3999.72,238.08,2024-12-06 16:30:06
usd,99353,1.21,0.434056,4012.13,238.71,2024-12-06 16:40:06
usd,98968,1.21,0.433665,4004.12,238.49,2024-12-06 16:50:07
usd,98994,1.21,0.433588,4005.2,238.59,2024-12-06 17:00:06
usd,99083,1.21,0.434216,4012.65,239.25,2024-12-06 17:10:07
usd,99404,1.21,0.435831,4021.72,239.75,2024-12-06 17:20:07
usd,99057,1.21,0.434086,4011.04,239.14,2024-12-06 17:30:06
usd,99607,1.21,0.436024,4029.19,239.25,2024-12-06 17:40:06
usd,100707,1.22,0.440794,4061.12,241.21,2024-12-06 17:50:11
usd,101004,1.22,0.438448,4041.46,240.62,2024-12-06 18:00:06
usd,101349,1.22,0.438836,4032.92,240.57,2024-12-06 18:10:06
usd,101633,1.22,0.439395,4037.8,240.42,2024-12-06 18:20:07
usd,101670,1.22,0.439183,4042.15,240.2,2024-12-06 18:30:06
usd,101410,1.22,0.439405,4038.82,239.48,2024-12-06 18:40:06
usd,101224,1.22,0.439908,4055.45,239.9,2024-12-06 18:50:07
usd,101479,1.22,0.439875,4060.16,240.07,2024-12-06 19:00:06
usd,101422,1.22,0.439179,4052.56,239.53,2024-12-06 19:10:06
usd,101503,1.23,0.440356,4060.16,239.85,2024-12-06 19:20:07
usd,101533,1.23,0.440302,4064.11,239.89,2024-12-06 19:30:06
usd,101556,1.23,0.440247,4066.08,240.1,2024-12-06 19:40:06
usd,101746,1.23,0.439024,4064.3,240.06,2024-12-06 19:50:07
usd,101880,1.23,0.439419,4073.01,240.17,2024-12-06 20:00:06
usd,101470,1.23,0.438364,4068.13,239.55,2024-12-06 20:10:06
usd,101847,1.23,0.44049,4089.4,240.82,2024-12-06 20:20:07
usd,101826,1.23,0.441226,4091.82,240.57,2024-12-06 20:30:06
usd,102006,1.22,0.441102,4085.18,239.83,2024-12-06 20:40:06
usd,101650,1.22,0.439008,4059.69,238.56,2024-12-06 20:50:07
usd,101406,1.22,0.438393,4048.26,238.12,2024-12-06 21:00:07
usd,101331,1.22,0.437911,4042.07,238.41,2024-12-06 21:10:06
usd,101268,1.22,0.438661,4045.79,239.19,2024-12-06 21:20:07
usd,101317,1.22,0.438791,4053.19,239.38,2024-12-06 21:30:06
usd,100934,1.22,0.438284,4047.9,238.77,2024-12-06 21:40:27
usd,100470,1.22,0.436293,4032.38,238.26,2024-12-06 21:50:05
usd,100538,1.22,0.435204,4030.45,238.32,2024-12-06 22:00:05
usd,100826,1.22,0.436303,4040.78,238.76,2024-12-06 22:10:05
usd,100743,1.22,0.435113,4037.84,238.36,2024-12-06 22:20:06
usd,100642,1.22,0.43532,4039.96,238.19,2024-12-06 22:30:06
usd,100653,1.22,0.436146,4041.25,238.32,2024-12-06 22:40:05
usd,100709,1.23,0.436762,4039.83,238.35,2024-12-06 22:50:06
usd,100641,1.23,0.436928,4031.19,238.08,2024-12-06 23:00:05
usd,100587,1.23,0.436794,4025.83,237.93,2024-12-06 23:10:06
usd,100435,1.23,0.436564,4020.8,237.75,2024-12-06 23:20:05
usd,99751,1.22,0.434354,4008.14,236.15,2024-12-06 23:30:05
usd,99944,1.23,0.435733,4020.47,236.73,2024-12-06 23:40:06
usd,99975,1.23,0.435986,4015.45,236.84,2024-12-06 23:50:06
usd,99926,1.23,0.435693,4007.98,236.97,2024-12-07 00:00:05
usd,100101,1.23,0.436562,4018.02,237.48,2024-12-07 00:10:05
usd,100156,1.23,0.437052,4016.41,237.23,2024-12-07 00:20:05
usd,100466,1.23,0.438483,4024.66,237.32,2024-12-07 00:30:05
usd,100346,1.23,0.439276,4021.4,236.65,2024-12-07 00:40:05
usd,100318,1.23,0.438303,4017.0,236.27,2024-12-07 00:50:06
usd,100405,1.23,0.437878,4017.54,236.5,2024-12-07 01:00:06
usd,100454,1.23,0.438952,4013.01,236.59,2024-12-07 01:10:05
usd,100314,1.23,0.438005,4003.0,236.51,2024-12-07 01:20:06
usd,100063,1.23,0.436676,3990.81,235.75,2024-12-07 01:30:05
usd,100297,1.23,0.437758,3997.29,236.14,2024-12-07 01:40:06
usd,100162,1.22,0.437446,3990.27,235.99,2024-12-07 01:50:05
usd,100186,1.22,0.43794,3988.42,236.08,2024-12-07 02:00:05
usd,100308,1.23,0.438771,3999.2,236.46,2024-12-07 02:10:04
usd,100263,1.23,0.438813,3998.59,236.63,2024-12-07 02:20:05
usd,100217,1.22,0.438784,4000.0,236.42,2024-12-07 02:30:06
usd,100192,1.22,0.438584,4002.29,236.34,2024-12-07 02:40:05
usd,100126,1.22,0.438102,4002.89,236.09,2024-12-07 02:50:05
usd,100076,1.22,0.437592,3998.13,236.06,2024-12-07 03:00:05
usd,99850,1.21,0.436409,3991.21,235.77,2024-12-07 03:10:05
usd,99487,1.21,0.433872,3981.54,234.76,2024-12-07 03:30:05
usd,99668,1.2,0.435363,3993.25,235.36,2024-12-07 03:40:05
usd,99558,1.2,0.435124,3993.17,235.22,2024-12-07 03:50:05
usd,99446,1.2,0.434524,3992.48,235.1,2024-12-07 04:00:05
usd,99554,1.21,0.434897,3996.29,235.52,2024-12-07 04:10:05
usd,99520,1.21,0.435518,3996.82,235.5,2024-12-07 04:20:05
usd,99372,1.21,0.434656,3992.68,235.49,2024-12-07 04:30:05
usd,99510,1.21,0.434911,3995.43,235.44,2024-12-07 04:40:05
usd,99858,1.22,0.436091,4005.63,236.04,2024-12-07 04:50:05
usd,99671,1.21,0.435231,4004.09,235.67,2024-12-07 05:00:05
usd,99499,1.21,0.433657,3993.09,235.28,2024-12-07 05:10:05
usd,99678,1.21,0.435098,4003.18,235.91,2024-12-07 05:20:05
usd,99652,1.21,0.434912,4003.34,236.15,2024-12-07 05:30:05
usd,99364,1.21,0.433513,3992.6,235.87,2024-12-07 05:40:06
usd,99344,1.21,0.432937,3993.51,235.81,2024-12-07 05:50:05
usd,99261,1.21,0.432559,3992.12,235.68,2024-12-07 06:00:05
usd,99294,1.21,0.432889,3994.93,235.61,2024-12-07 06:10:06
usd,99423,1.21,0.433412,3995.55,235.75,2024-12-07 06:20:05
usd,99373,1.21,0.433227,3992.95,235.54,2024-12-07 06:30:06
usd,99465,1.21,0.433801,3995.61,235.65,2024-12-07 06:40:05
usd,99432,1.21,0.436051,3991.42,235.93,2024-12-07 06:50:05
usd,99491,1.21,0.438642,3987.97,236.28,2024-12-07 07:00:05
usd,99382,1.21,0.439046,3979.99,235.94,2024-12-07 07:10:06
usd,99495,1.21,0.441891,3987.79,236.02,2024-12-07 07:20:05
usd,99480,1.21,0.446943,3988.03,236.41,2024-12-07 07:30:06
usd,99470,1.21,0.447584,3984.0,236.47,2024-12-07 07:40:06
usd,99286,1.21,0.447485,3981.85,235.96,2024-12-07 07:50:05
usd,99622,1.21,0.449301,3994.54,236.65,2024-12-07 08:00:05
usd,99672,1.21,0.449819,3997.54,236.6,2024-12-07 08:10:05
usd,99502,1.21,0.44729,3991.7,235.82,2024-12-07 08:20:06
usd,99553,1.21,0.447062,3989.06,235.79,2024-12-07 08:30:05
usd,99506,1.21,0.444225,3982.87,235.73,2024-12-07 08:40:05
usd,99685,1.21,0.444373,3987.13,235.97,2024-12-07 08:50:05
usd,99612,1.21,0.444162,3984.89,236.02,2024-12-07 09:00:05
usd,99743,1.21,0.446718,3990.92,236.58,2024-12-07 09:10:05
usd,99741,1.21,0.447439,3990.68,236.82,2024-12-07 09:20:05
usd,99900,1.21,0.449911,3994.67,238.2,2024-12-07 09:30:05
usd,99659,1.21,0.448623,3987.82,237.96,2024-12-07 09:40:05
usd,99667,1.21,0.448599,3989.05,237.98,2024-12-07 09:50:05
usd,99784,1.2,0.449162,3990.41,238.42,2024-12-07 10:00:05
usd,99790,1.2,0.448589,3990.24,238.54,2024-12-07 10:10:05
usd,99627,1.2,0.446947,3983.0,238.09,2024-12-07 10:20:05
usd,99609,1.2,0.448082,3983.17,238.69,2024-12-07 10:30:05
usd,99535,1.2,0.448411,3983.79,238.27,2024-12-07 10:40:05
usd,99573,1.2,0.450405,3984.76,238.42,2024-12-07 10:50:05
usd,99640,1.2,0.451889,3987.07,238.43,2024-12-07 11:00:06
usd,99556,1.2,0.452094,3987.0,238.49,2024-12-07 11:10:05
usd,99588,1.2,0.450783,3993.45,238.92,2024-12-07 11:20:05
usd,99586,1.2,0.451315,4000.59,239.01,2024-12-07 11:30:05
usd,99679,1.21,0.450261,4007.22,239.05,2024-12-07 11:40:05
usd,99756,1.21,0.451324,4002.83,239.02,2024-12-07 11:50:05
usd,99749,1.21,0.450902,4004.88,238.75,2024-12-07 12:00:05
usd,99687,1.21,0.447946,3997.68,237.93,2024-12-07 12:10:05
usd,99794,1.21,0.44956,4005.5,238.33,2024-12-07 12:20:05
usd,99763,1.21,0.449991,4002.67,238.73,2024-12-07 12:30:05
usd,99640,1.21,0.449312,3999.44,238.32,2024-12-07 12:40:05
usd,99609,1.21,0.449409,4001.88,238.34,2024-12-07 12:50:05
usd,99469,1.21,0.447951,3996.78,238.1,2024-12-07 13:00:05
usd,99509,1.21,0.448294,4003.94,238.29,2024-12-07 13:10:06
usd,99485,1.21,0.447739,4009.21,238.05,2024-12-07 13:20:06
usd,99547,1.21,0.447637,4009.72,238.4,2024-12-07 13:30:05
usd,99441,1.21,0.447587,4002.7,238.34,2024-12-07 13:40:06
usd,99520,1.21,0.447644,4000.72,238.8,2024-12-07 13:50:05
usd,99454,1.21,0.446806,3999.14,239.11,2024-12-07 14:00:05
usd,99312,1.21,0.44551,3987.31,238.95,2024-12-07 14:10:05
usd,99227,1.2,0.443352,3983.62,238.4,2024-12-07 14:20:05
usd,99329,1.2,0.445947,3988.59,238.79,2024-12-07 14:30:06
usd,99594,1.21,0.447478,3998.23,240.26,2024-12-07 14:40:05
usd,99707,1.21,0.448321,4004.68,241.48,2024-12-07 14:50:05
usd,99563,1.21,0.448776,4001.44,242.34,2024-12-07 15:00:06
usd,99751,1.22,0.450119,4005.98,242.61,2024-12-07 15:10:06
usd,99457,1.21,0.450385,3997.5,241.74,2024-12-07 15:20:05
usd,99596,1.21,0.451337,3997.56,241.49,2024-12-07 15:30:05
usd,99603,1.21,0.451804,4001.2,240.79,2024-12-07 15:40:05
usd,99710,1.21,0.452625,4002.99,240.72,2024-12-07 15:50:05
usd,99878,1.22,0.453871,4012.25,241.09,2024-12-07 16:00:06
usd,99638,1.22,0.452272,3998.7,240.4,2024-12-07 16:10:06
usd,99613,1.22,0.453821,3996.08,240.36,2024-12-07 16:20:05
usd,99661,1.22,0.455877,3998.56,239.98,2024-12-07 16:30:06
usd,99644,1.21,0.457334,3995.91,239.74,2024-12-07 16:40:05
usd,99729,1.21,0.457951,4003.4,241.18,2024-12-07 16:50:05
usd,99676,1.21,0.456515,3999.61,241.99,2024-12-07 17:00:05
usd,99605,1.21,0.455581,3997.03,241.23,2024-12-07 17:10:05
usd,99562,1.2,0.454783,3993.51,240.93,2024-12-07 17:20:06
usd,99674,1.21,0.456613,3998.92,241.5,2024-12-07 17:30:05
usd,99613,1.2,0.457157,3994.23,241.17,2024-12-07 17:40:05
usd,99693,1.2,0.457721,3996.8,241.33,2024-12-07 17:50:06
usd,99684,1.2,0.456764,3993.65,240.84,2024-12-07 18:00:05
usd,99732,1.2,0.459705,3999.08,240.95,2024-12-07 18:10:05
usd,99811,1.2,0.461844,4005.63,241.53,2024-12-07 18:20:05
usd,99775,1.2,0.462319,4003.9,241.97,2024-12-07 18:30:06
usd,99833,1.21,0.459135,4005.5,241.96,2024-12-07 18:40:05
usd,100153,1.21,0.460072,4013.68,242.38,2024-12-07 18:50:05
usd,100226,1.21,0.45933,4018.05,242.37,2024-12-07 19:00:05
usd,100304,1.22,0.460657,4019.85,242.26,2024-12-07 19:10:05
usd,100286,1.21,0.460298,4019.72,241.97,2024-12-07 19:20:06
usd,100294,1.21,0.461289,4019.32,242.11,2024-12-07 19:30:05
usd,100129,1.2,0.458746,4012.0,240.94,2024-12-07 19:40:05
usd,100270,1.2,0.460443,4021.46,241.49,2024-12-07 19:50:06
usd,100154,1.2,0.460767,4017.27,241.79,2024-12-07 20:00:06
usd,100254,1.21,0.462776,4016.04,242.63,2024-12-07 20:10:05
usd,100277,1.21,0.462469,4016.02,242.14,2024-12-07 20:20:05
usd,100300,1.21,0.458536,4014.93,241.65,2024-12-07 20:30:05
usd,100294,1.21,0.460805,4018.33,241.39,2024-12-07 20:40:05
usd,100231,1.21,0.460632,4017.42,241.11,2024-12-07 20:50:05
usd,100365,1.21,0.460277,4020.56,241.54,2024-12-07 21:00:05
usd,100401,1.21,0.460958,4023.29,242.45,2024-12-07 21:10:05
usd,100178,1.2,0.45741,4012.05,242.06,2024-12-07 21:20:05
usd,100137,1.21,0.457384,4014.07,242.27,2024-12-07 21:30:05
usd,99900,1.21,0.455836,4005.13,241.18,2024-12-07 21:40:05
usd,99956,1.21,0.456484,4010.04,241.36,2024-12-07 21:50:05
usd,99993,1.21,0.457202,4009.56,241.74,2024-12-07 22:00:05
usd,99913,1.2,0.456806,4006.09,242.07,2024-12-07 22:10:05
usd,100003,1.2,0.457241,4007.82,241.38,2024-12-07 22:20:05
usd,99940,1.2,0.457098,4002.59,240.89,2024-12-07 22:30:05
usd,99972,1.2,0.457829,4003.13,240.26,2024-12-07 22:40:05
usd,99856,1.21,0.456696,4003.94,239.87,2024-12-07 22:50:05
usd,99740,1.2,0.454816,3998.35,239.3,2024-12-07 23:00:06
usd,99932,1.21,0.455333,4007.57,239.5,2024-12-07 23:10:05
usd,99912,1.21,0.453567,4004.09,239.1,2024-12-07 23:20:05
usd,100105,1.21,0.454482,4011.33,239.94,2024-12-07 23:30:05
usd,100135,1.21,0.455925,4012.42,239.96,2024-12-07 23:40:05
usd,99898,1.21,0.454907,4005.15,239.26,2024-12-07 23:50:05
usd,99885,1.21,0.454411,4004.04,238.85,2024-12-08 00:00:05
usd,99882,1.21,0.45357,4002.82,238.56,2024-12-08 00:10:05
usd,99774,1.21,0.452146,3998.16,238.25,2024-12-08 00:20:06
usd,99923,1.21,0.452686,4006.57,238.89,2024-12-08 00:30:05
usd,100003,1.21,0.454137,4008.63,239.1,2024-12-08 00:40:05
usd,99942,1.21,0.455239,4005.79,239.1,2024-12-08 00:50:05
usd,100085,1.21,0.456327,4010.52,239.59,2024-12-08 01:00:05
usd,100180,1.22,0.45719,4011.44,239.79,2024-12-08 01:10:05
usd,100078,1.22,0.460127,4009.25,239.86,2024-12-08 01:20:05
usd,100101,1.22,0.462294,4004.9,239.65,2024-12-08 01:30:05
usd,99808,1.22,0.459505,3993.62,238.85,2024-12-08 01:40:05
usd,99952,1.22,0.46126,3999.44,239.43,2024-12-08 01:50:05
usd,99852,1.21,0.461847,3995.24,239.43,2024-12-08 02:00:05
usd,99861,1.21,0.461013,3993.92,239.63,2024-12-08 02:10:05
usd,100041,1.21,0.461754,4000.9,240.34,2024-12-08 02:20:05
usd,100280,1.21,0.461663,4007.17,241.18,2024-12-08 02:30:06
usd,100268,1.21,0.460564,4005.12,241.12,2024-12-08 02:40:12
usd,100382,1.22,0.461001,4007.1,241.3,2024-12-08 02:50:05
usd,100171,1.22,0.460279,3999.05,241.0,2024-12-08 03:00:05
usd,100308,1.22,0.461107,4003.86,241.28,2024-12-08 03:10:06
usd,100078,1.22,0.461743,3999.33,240.91,2024-12-08 03:20:05
usd,100084,1.22,0.463002,3999.82,240.74,2024-12-08 03:30:06
usd,100077,1.22,0.463595,3998.41,240.58,2024-12-08 03:40:05
usd,100040,1.22,0.464139,3994.8,240.6,2024-12-08 03:50:05
usd,99994,1.21,0.465151,3992.66,240.86,2024-12-08 04:00:06
usd,100077,1.21,0.471758,3995.55,240.85,2024-12-08 04:10:06
usd,100062,1.21,0.477186,3995.81,240.88,2024-12-08 04:20:05
usd,99887,1.21,0.47976,3988.59,240.24,2024-12-08 04:30:05
usd,99807,1.21,0.476676,3986.54,239.82,2024-12-08 04:40:05
usd,99942,1.2,0.476107,3993.15,239.53,2024-12-08 04:50:05
usd,99838,1.2,0.475912,3986.43,239.0,2024-12-08 05:00:05
usd,99743,1.2,0.475592,3980.97,238.63,2024-12-08 05:10:05
usd,99669,1.2,0.470649,3974.14,238.13,2024-12-08 05:20:05
usd,99544,1.2,0.46581,3970.88,237.58,2024-12-08 05:30:05
usd,99754,1.2,0.468721,3980.41,238.02,2024-12-08 05:40:05
usd,99472,1.19,0.466359,3969.91,237.22,2024-12-08 05:50:05
usd,99622,1.19,0.467017,3976.03,237.48,2024-12-08 06:00:05
usd,99479,1.18,0.465051,3970.87,237.15,2024-12-08 06:10:05
usd,99629,1.19,0.466887,3972.16,237.56,2024-12-08 06:20:06
usd,99817,1.19,0.468281,3980.89,238.07,2024-12-08 06:30:06
usd,99708,1.19,0.468464,3978.44,238.08,2024-12-08 06:40:06
usd,99798,1.19,0.468514,3981.03,238.24,2024-12-08 06:50:05
usd,99737,1.19,0.468204,3980.52,238.26,2024-12-08 07:00:05
usd,99748,1.2,0.467511,3978.76,238.16,2024-12-08 07:10:06
usd,99720,1.2,0.466654,3979.31,237.86,2024-12-08 07:20:05
usd,99882,1.2,0.467147,3986.48,238.49,2024-12-08 07:30:05
usd,99844,1.2,0.468125,3986.01,238.47,2024-12-08 07:40:06
usd,99838,1.2,0.467929,3985.39,238.3,2024-12-08 07:50:05
usd,99738,1.2,0.466364,3982.63,237.96,2024-12-08 08:00:05
usd,99505,1.2,0.46213,3972.11,237.15,2024-12-08 08:10:06
usd,99365,1.2,0.460463,3961.44,236.24,2024-12-08 08:20:05
usd,99432,1.2,0.46055,3961.67,236.1,2024-12-08 08:30:05
usd,99362,1.19,0.457682,3957.51,235.75,2024-12-08 08:40:04
usd,99303,1.19,0.458154,3956.31,235.9,2024-12-08 08:50:05
usd,99054,1.18,0.454863,3945.8,235.14,2024-12-08 09:00:05
usd,99263,1.19,0.456347,3955.92,235.9,2024-12-08 09:10:05
usd,99302,1.19,0.457012,3957.41,235.94,2024-12-08 09:20:05
usd,99313,1.19,0.456602,3957.6,236.01,2024-12-08 09:30:05
usd,99296,1.19,0.45561,3955.11,235.6,2024-12-08 09:40:05
usd,99092,1.18,0.451509,3945.58,234.81,2024-12-08 09:50:05
usd,98845,1.18,0.448663,3935.52,234.11,2024-12-08 10:00:05
usd,99329,1.19,0.450891,3955.55,234.85,2024-12-08 10:10:05
usd,99389,1.19,0.450998,3956.15,234.85,2024-12-08 10:20:05
usd,99412,1.19,0.451714,3957.24,234.84,2024-12-08 10:30:05
usd,99310,1.19,0.452576,3958.45,235.03,2024-12-08 10:40:05
usd,99350,1.2,0.454521,3962.28,235.48,2024-12-08 10:50:05
usd,99333,1.2,0.455698,3964.05,235.41,2024-12-08 11:00:05
usd,99229,1.21,0.455261,3961.01,235.15,2024-12-08 11:10:05
usd,99358,1.21,0.455633,3967.54,235.28,2024-12-08 11:20:05
usd,99587,1.21,0.457051,3974.28,235.92,2024-12-08 11:30:05
usd,99698,1.22,0.458049,3974.7,236.12,2024-12-08 11:40:06
usd,99855,1.22,0.459857,3980.66,236.54,2024-12-08 11:50:05
usd,99773,1.21,0.460094,3975.44,236.29,2024-12-08 12:00:05
usd,99607,1.21,0.457463,3968.04,235.66,2024-12-08 12:10:05
usd,99607,1.2,0.457397,3967.39,235.55,2024-12-08 12:20:05
usd,99861,1.2,0.45864,3976.36,235.73,2024-12-08 12:30:05
usd,99704,1.2,0.456847,3974.19,235.46,2024-12-08 12:40:05
usd,99922,1.2,0.458433,3986.66,235.98,2024-12-08 12:50:05
usd,99979,1.21,0.459605,3988.1,236.15,2024-12-08 13:00:05
usd,100119,1.21,0.460039,3991.35,236.25,2024-12-08 13:10:05
usd,100126,1.21,0.461849,3992.88,236.65,2024-12-08 13:20:06
usd,100224,1.21,0.462777,3997.77,236.99,2024-12-08 13:30:05
usd,100172,1.21,0.462867,3994.59,237.06,2024-12-08 13:40:05
usd,100306,1.21,0.463852,3998.32,237.37,2024-12-08 13:50:05
usd,100505,1.22,0.465208,4005.73,237.81,2024-12-08 14:00:05
usd,100242,1.21,0.461635,3993.04,236.79,2024-12-08 14:10:05
usd,100301,1.21,0.462675,3994.21,236.88,2024-12-08 14:20:05
usd,100170,1.21,0.461856,3992.77,236.85,2024-12-08 14:30:05
usd,100135,1.21,0.462155,3990.71,236.93,2024-12-08 14:40:05
usd,100116,1.2,0.461822,3993.48,236.91,2024-12-08 14:50:05
usd,99812,1.19,0.457586,3982.06,236.09,2024-12-08 15:00:05
usd,99436,1.18,0.454919,3964.83,235.18,2024-12-08 15:10:06
usd,99616,1.19,0.456047,3973.49,235.55,2024-12-08 15:20:05
usd,99779,1.19,0.456888,3979.82,236.15,2024-12-08 15:30:05
usd,99829,1.19,0.457772,3985.12,236.56,2024-12-08 15:40:05
usd,99873,1.19,0.460357,3993.83,237.01,2024-12-08 15:50:05
usd,99955,1.19,0.460892,3995.9,237.44,2024-12-08 16:00:05
usd,100008,1.19,0.462241,3997.13,237.45,2024-12-08 16:10:05
usd,100160,1.2,0.463164,4001.76,237.71,2024-12-08 16:20:05
usd,99810,1.19,0.461372,3986.97,236.37,2024-12-08 16:30:05
usd,99892,1.19,0.464319,3989.01,236.72,2024-12-08 16:40:06
usd,99828,1.19,0.464529,3983.56,235.96,2024-12-08 16:50:05
usd,99880,1.19,0.465142,3985.44,236.07,2024-12-08 17:00:05
usd,99785,1.18,0.463667,3981.96,235.65,2024-12-08 17:10:05
usd,99762,1.19,0.462028,3979.75,235.63,2024-12-08 17:20:05
usd,99942,1.19,0.46397,3986.89,236.13,2024-12-08 17:30:05
usd,99772,1.19,0.462582,3983.18,236.08,2024-12-08 17:40:06
usd,99995,1.19,0.464266,3989.81,236.63,2024-12-08 17:50:05
usd,100043,1.19,0.465211,3990.35,236.81,2024-12-08 18:00:05
usd,99950,1.19,0.465762,3983.01,236.47,2024-12-08 18:10:05
usd,99937,1.19,0.464308,3981.27,236.25,2024-12-08 18:20:05
usd,99674,1.18,0.45968,3970.03,235.43,2024-12-08 18:30:05
usd,99811,1.18,0.46201,3974.37,235.77,2024-12-08 18:40:05
usd,99799,1.18,0.462521,3973.98,235.8,2024-12-08 18:50:05
usd,99783,1.18,0.462813,3973.11,235.67,2024-12-08 19:00:05
usd,99692,1.18,0.462676,3973.28,235.44,2024-12-08 19:10:05
usd,99581,1.18,0.462172,3968.18,234.49,2024-12-08 19:20:05
usd,99534,1.18,0.461907,3969.67,234.57,2024-12-08 19:30:05
usd,99847,1.18,0.46386,3986.72,235.64,2024-12-08 19:40:06
usd,99936,1.18,0.465228,3990.71,235.97,2024-12-08 19:50:06
usd,100033,1.18,0.464851,3992.16,236.33,2024-12-08 20:00:05
usd,100125,1.18,0.464277,3990.83,236.4,2024-12-08 20:10:05
usd,99939,1.18,0.462462,3982.96,235.89,2024-12-08 20:20:05
usd,100067,1.18,0.463066,3988.8,236.16,2024-12-08 20:30:05
usd,99892,1.18,0.462006,3985.7,235.8,2024-12-08 20:40:05
usd,99916,1.18,0.46161,3985.56,235.64,2024-12-08 20:50:05
usd,99846,1.18,0.461028,3981.74,235.46,2024-12-08 21:00:06
usd,99788,1.18,0.460592,3979.98,235.07,2024-12-08 21:10:05
usd,99834,1.18,0.460114,3981.06,234.98,2024-12-08 21:20:05
usd,100027,1.18,0.461523,3987.13,235.35,2024-12-08 21:30:05
usd,100090,1.18,0.463099,3993.28,235.72,2024-12-08 21:40:05
usd,100056,1.18,0.462894,3990.56,235.68,2024-12-08 21:50:05
usd,100070,1.18,0.463792,3992.74,235.71,2024-12-08 22:00:05
usd,100062,1.18,0.463722,3995.98,235.9,2024-12-08 22:10:05
usd,100117,1.19,0.463695,3998.58,236.0,2024-12-08 22:20:05
usd,100080,1.19,0.463927,3998.99,236.07,2024-12-08 22:30:05
usd,100042,1.19,0.46355,3999.27,236.21,2024-12-08 22:40:05
usd,100084,1.19,0.463835,4000.96,236.28,2024-12-08 22:50:05
usd,100336,1.19,0.465192,4011.95,236.84,2024-12-08 23:00:05
usd,100300,1.19,0.464054,4008.31,236.78,2024-12-08 23:10:05
usd,100425,1.19,0.464484,4001.84,236.74,2024-12-08 23:20:05
usd,100536,1.19,0.464876,4001.25,236.8,2024-12-08 23:30:05
usd,100534,1.19,0.464299,3995.87,236.53,2024-12-08 23:40:05
usd,100709,1.19,0.465506,3997.29,236.59,2024-12-08 23:50:05
usd,101347,1.2,0.466389,4012.39,237.51,2024-12-09 00:00:05
usd,100860,1.19,0.464208,3993.56,236.61,2024-12-09 00:10:05
usd,100523,1.19,0.460456,3987.9,235.8,2024-12-09 00:20:05
usd,99950,1.18,0.45776,3974.06,234.66,2024-12-09 00:30:06
usd,99675,1.17,0.456486,3963.48,234.02,2024-12-09 00:40:05
usd,99799,1.17,0.457494,3971.19,234.43,2024-12-09 00:50:05
usd,99648,1.17,0.456152,3968.06,233.64,2024-12-09 01:00:05
usd,99872,1.18,0.458921,3979.68,234.51,2024-12-09 01:10:05
usd,99571,1.17,0.457879,3962.85,234.04,2024-12-09 01:20:05
usd,99727,1.18,0.458895,3967.85,234.23,2024-12-09 01:30:06
usd,99689,1.18,0.458912,3965.33,233.76,2024-12-09 01:40:05
usd,99484,1.17,0.454893,3950.38,232.69,2024-12-09 01:50:05
usd,99619,1.17,0.453158,3950.65,232.68,2024-12-09 02:00:05
usd,99698,1.17,0.452803,3954.86,232.65,2024-12-09 02:10:05
usd,99577,1.17,0.453959,3956.0,232.29,2024-12-09 02:20:05
usd,99300,1.17,0.450078,3945.23,231.43,2024-12-09 02:30:05
usd,99340,1.16,0.451598,3947.26,231.41,2024-12-09 02:40:06
usd,99123,1.16,0.450392,3939.5,231.07,2024-12-09 02:50:05
usd,99266,1.17,0.451773,3946.45,231.66,2024-12-09 03:00:05
usd,99305,1.17,0.452622,3950.94,232.35,2024-12-09 03:10:05
usd,99193,1.17,0.454018,3950.73,232.46,2024-12-09 03:20:05
usd,99255,1.17,0.453598,3946.8,232.21,2024-12-09 03:30:05
usd,99057,1.16,0.450345,3935.09,231.7,2024-12-09 03:40:05
usd,98957,1.16,0.448492,3927.96,231.23,2024-12-09 03:50:05
usd,99080,1.16,0.449068,3929.78,231.54,2024-12-09 04:00:05
usd,99319,1.16,0.45177,3939.78,232.35,2024-12-09 04:10:05
usd,99302,1.17,0.451462,3935.51,232.31,2024-12-09 04:20:06
usd,99066,1.16,0.448641,3920.65,231.65,2024-12-09 04:30:06
usd,99324,1.16,0.451356,3932.94,232.46,2024-12-09 04:40:06
usd,99367,1.16,0.452006,3935.51,232.4,2024-12-09 04:50:05
usd,99436,1.17,0.453135,3939.64,232.57,2024-12-09 05:00:05
usd,99495,1.17,0.453719,3941.89,232.61,2024-12-09 05:10:05
usd,99371,1.17,0.453424,3938.71,232.41,2024-12-09 05:20:05
usd,99515,1.17,0.453566,3942.3,232.43,2024-12-09 05:30:05
usd,99468,1.17,0.453084,3944.1,232.42,2024-12-09 05:40:06
usd,99579,1.17,0.453428,3948.63,232.52,2024-12-09 05:50:05
usd,99464,1.18,0.452628,3944.23,232.45,2024-12-09 06:00:05
usd,99318,1.17,0.450555,3935.39,232.11,2024-12-09 06:10:05
usd,99336,1.17,0.450095,3930.21,232.02,2024-12-09 06:20:05
usd,99082,1.16,0.446202,3915.97,230.97,2024-12-09 06:30:05
usd,99109,1.16,0.445573,3920.86,230.84,2024-12-09 06:40:05
usd,99308,1.16,0.446853,3931.14,231.26,2024-12-09 06:50:05
usd,99083,1.16,0.445627,3918.67,230.71,2024-12-09 07:00:05
usd,98848,1.15,0.443685,3902.06,229.82,2024-12-09 07:10:05
usd,98431,1.14,0.439974,3886.04,228.77,2024-12-09 07:20:05
usd,98811,1.15,0.441562,3898.91,229.54,2024-12-09 07:30:05
usd,99100,1.15,0.442458,3911.75,230.2,2024-12-09 07:40:05
usd,99658,1.16,0.445216,3926.42,231.71,2024-12-09 07:50:05
usd,99582,1.16,0.446037,3921.1,231.84,2024-12-09 08:00:05
usd,99385,1.15,0.442382,3906.35,231.06,2024-12-09 08:10:05
usd,99646,1.15,0.444619,3915.28,231.44,2024-12-09 08:20:06
usd,99409,1.15,0.442361,3901.61,230.31,2024-12-09 08:30:05
usd,99089,1.13,0.437007,3876.17,228.42,2024-12-09 08:40:06
usd,99292,1.14,0.437132,3879.22,228.78,2024-12-09 08:50:05
usd,98910,1.12,0.433789,3863.51,226.9,2024-12-09 09:00:05
usd,98878,1.13,0.435672,3874.01,227.26,2024-12-09 09:10:05
usd,99020,1.13,0.43628,3880.41,227.37,2024-12-09 09:20:05
usd,98563,1.12,0.431086,3863.25,226.23,2024-12-09 09:30:05
usd,98440,1.11,0.430224,3856.69,225.81,2024-12-09 09:40:05
usd,98688,1.12,0.432578,3872.86,227.25,2024-12-09 09:50:05
usd,98494,1.12,0.432771,3874.57,226.99,2024-12-09 10:00:05
usd,98503,1.13,0.435611,3881.14,227.94,2024-12-09 10:10:05
usd,98397,1.12,0.434141,3878.27,227.36,2024-12-09 10:20:05
usd,98314,1.12,0.432721,3870.01,226.67,2024-12-09 10:30:05
usd,98593,1.13,0.433899,3881.83,227.49,2024-12-09 10:40:05
usd,98376,1.12,0.433489,3870.02,226.9,2024-12-09 10:50:06
usd,98755,1.13,0.435868,3886.17,227.92,2024-12-09 11:00:06
usd,98366,1.12,0.434232,3869.03,226.92,2024-12-09 11:10:06
usd,98383,1.12,0.433929,3865.93,226.76,2024-12-09 11:20:05
usd,98314,1.12,0.432516,3863.73,226.59,2024-12-09 11:30:06
usd,98215,1.12,0.432656,3861.57,226.86,2024-12-09 11:40:05
usd,98018,1.11,0.429009,3848.97,226.35,2024-12-09 11:50:05
usd,98003,1.11,0.428897,3849.75,226.29,2024-12-09 12:00:05
usd,98463,1.11,0.430275,3860.14,226.92,2024-12-09 12:10:05
usd,98313,1.11,0.430174,3856.66,226.58,2024-12-09 12:20:05
usd,98498,1.11,0.432768,3864.3,227.34,2024-12-09 12:30:05
usd,98352,1.11,0.431233,3853.14,226.67,2024-12-09 12:40:06
usd,98214,1.11,0.429268,3847.29,226.15,2024-12-09 12:50:06
usd,98598,1.11,0.432139,3863.9,227.42,2024-12-09 13:00:05
usd,98223,1.11,0.431515,3853.37,227.02,2024-12-09 13:10:06
usd,98623,1.12,0.436174,3875.03,228.15,2024-12-09 13:20:05
usd,99015,1.13,0.438759,3886.12,229.14,2024-12-09 13:30:05
usd,99075,1.13,0.440091,3885.96,229.24,2024-12-09 13:40:05
usd,99070,1.14,0.441009,3892.82,229.32,2024-12-09 13:50:06
usd,99029,1.14,0.441211,3897.62,229.17,2024-12-09 14:00:06
usd,99289,1.14,0.440749,3900.86,229.65,2024-12-09 14:10:05
usd,99215,1.14,0.441018,3892.29,229.34,2024-12-09 14:20:05
usd,99011,1.13,0.440115,3886.09,228.87,2024-12-09 14:30:05
usd,99261,1.13,0.44145,3900.55,229.33,2024-12-09 14:40:05
usd,99976,1.14,0.445394,3932.78,230.84,2024-12-09 14:50:05
usd,100364,1.15,0.448032,3945.01,231.62,2024-12-09 15:00:06
usd,99686,1.14,0.4429,3910.56,229.69,2024-12-09 15:10:06
usd,98727,1.12,0.438192,3874.04,227.59,2024-12-09 15:20:05
usd,98216,1.12,0.436367,3853.24,225.84,2024-12-09 15:30:05
usd,97653,1.11,0.433868,3824.07,224.81,2024-12-09 15:40:05
usd,97621,1.11,0.432115,3809.34,223.76,2024-12-09 15:50:06
usd,97946,1.12,0.43411,3823.98,224.51,2024-12-09 16:00:05
usd,97814,1.11,0.434916,3821.63,224.19,2024-12-09 16:10:05
usd,98090,1.12,0.436833,3835.39,224.92,2024-12-09 16:20:05
usd,98145,1.12,0.438117,3838.78,225.49,2024-12-09 16:30:06
usd,97765,1.12,0.436144,3831.46,224.71,2024-12-09 16:40:06
usd,97942,1.12,0.437358,3847.82,225.07,2024-12-09 16:50:06
usd,97821,1.12,0.43638,3847.37,224.89,2024-12-09 17:00:05
usd,98123,1.13,0.438259,3858.71,225.42,2024-12-09 17:10:05
usd,97880,1.13,0.436226,3849.05,224.59,2024-12-09 17:20:05
usd,97794,1.13,0.436253,3843.91,224.31,2024-12-09 17:30:05
usd,97551,1.12,0.434132,3838.6,223.75,2024-12-09 17:40:05
usd,97551,1.12,0.434857,3840.31,223.71,2024-12-09 17:50:05
usd,97506,1.12,0.433975,3834.25,223.43,2024-12-09 18:00:06
usd,97618,1.12,0.435451,3837.73,223.72,2024-12-09 18:10:06
usd,98051,1.12,0.436492,3851.83,224.73,2024-12-09 18:20:05
usd,98204,1.12,0.436926,3854.43,225.03,2024-12-09 18:30:05
usd,97927,1.12,0.434453,3838.74,224.35,2024-12-09 18:40:05
usd,98092,1.12,0.435067,3844.38,224.51,2024-12-09 18:50:06
usd,97857,1.12,0.434597,3839.52,224.47,2024-12-09 19:00:06
usd,97370,1.11,0.431519,3818.77,223.02,2024-12-09 19:10:06
usd,97491,1.11,0.433104,3825.28,223.46,2024-12-09 19:20:05
usd,97550,1.11,0.43469,3828.43,223.89,2024-12-09 19:30:06
usd,97199,1.11,0.433751,3816.82,222.71,2024-12-09 19:40:05
usd,97014,1.11,0.434428,3809.96,222.46,2024-12-09 19:50:06
usd,97003,1.11,0.433441,3800.14,222.18,2024-12-09 20:00:05
usd,96988,1.1,0.430029,3790.54,221.69,2024-12-09 20:10:06
usd,96939,1.097,0.427537,3784.17,222.47,2024-12-09 20:20:05
usd,96541,1.085,0.422327,3762.01,221.54,2024-12-09 20:30:05
usd,96667,1.08,0.421423,3771.67,222.56,2024-12-09 20:40:05
usd,96476,1.06,0.418696,3755.3,220.69,2024-12-09 20:50:05
usd,96231,1.047,0.416844,3737.96,219.72,2024-12-09 21:00:05
usd,96348,1.025,0.401872,3680.41,214.25,2024-12-09 21:10:05
usd,97062,1.031,0.415601,3722.68,219.78,2024-12-09 21:20:05
usd,96837,1.036,0.417408,3704.5,219.45,2024-12-09 21:30:05
usd,97327,1.036,0.423367,3734.04,220.41,2024-12-09 21:40:05
usd,96743,1.016,0.418695,3708.81,218.44,2024-12-09 21:50:05
usd,97071,1.012,0.41995,3719.05,219.02,2024-12-09 22:00:05
usd,96737,0.985663,0.41328,3684.16,216.93,2024-12-09 22:10:05
usd,96416,0.973315,0.408143,3657.89,214.42,2024-12-09 22:20:06
usd,97099,0.979923,0.411148,3696.85,216.5,2024-12-09 22:30:05
usd,96494,0.981881,0.407624,3683.38,214.79,2024-12-09 22:40:05
usd,97212,1.002,0.411085,3716.06,216.49,2024-12-09 22:50:05
usd,97022,1.01,0.411506,3717.2,217.67,2024-12-09 23:00:05
usd,97200,1.01,0.413352,3716.94,217.88,2024-12-09 23:10:06
usd,97486,1.008,0.415671,3724.28,218.59,2024-12-09 23:20:06
usd,97470,1.009,0.415945,3721.46,218.84,2024-12-09 23:30:05
usd,97233,1.003,0.413888,3707.44,218.05,2024-12-09 23:40:05
usd,97363,1.008,0.414404,3712.75,218.11,2024-12-09 23:50:05
usd,97472,1.008,0.414634,3717.31,217.66,2024-12-10 00:00:06
usd,97075,0.989947,0.409871,3695.03,215.55,2024-12-10 00:10:05
usd,97440,0.994072,0.410795,3713.81,215.98,2024-12-10 00:20:05
usd,97563,1.005,0.413856,3740.4,217.96,2024-12-10 00:30:05
usd,98110,1.03,0.420811,3771.74,220.39,2024-12-10 00:40:05
usd,98101,1.031,0.418829,3775.63,219.54,2024-12-10 00:50:05
usd,97857,1.026,0.416932,3764.96,218.07,2024-12-10 01:00:05
usd,97813,1.027,0.416866,3762.63,218.19,2024-12-10 01:10:06
usd,97896,1.021,0.414205,3755.11,218.24,2024-12-10 01:20:06
usd,98078,1.016,0.410703,3757.72,218.85,2024-12-10 01:30:05
usd,97638,1.006,0.40654,3734.56,216.75,2024-12-10 01:40:06
usd,98002,1.014,0.409791,3752.85,217.96,2024-12-10 01:50:06
usd,98035,1.023,0.412223,3758.35,219.1,2024-12-10 02:00:05
usd,97756,1.016,0.409108,3745.77,217.83,2024-12-10 02:10:06
usd,97883,1.015,0.408264,3743.25,217.81,2024-12-10 02:20:05
usd,97426,1.001,0.403858,3721.93,215.92,2024-12-10 02:30:06
usd,97236,0.996073,0.400571,3714.05,214.51,2024-12-10 02:40:06
usd,97737,1.005,0.404269,3737.91,216.09,2024-12-10 02:50:05
usd,96779,0.990618,0.398619,3703.68,214.26,2024-12-10 03:00:05
usd,96358,0.981194,0.392833,3670.94,211.62,2024-12-10 03:10:05
usd,96171,0.968917,0.39107,3660.83,210.52,2024-12-10 03:20:05
usd,95710,0.952485,0.387845,3630.89,208.3,2024-12-10 03:30:05
usd,96234,0.966359,0.39306,3660.29,211.57,2024-12-10 03:40:05
usd,96942,0.976057,0.398629,3690.78,214.35,2024-12-10 03:50:04
usd,96930,0.98259,0.399768,3686.04,214.87,2024-12-10 04:00:05
usd,96521,0.982703,0.396534,3667.59,214.31,2024-12-10 04:10:05
usd,96035,0.970357,0.391979,3647.35,212.87,2024-12-10 04:20:04
usd,96497,0.980433,0.39587,3668.2,214.42,2024-12-10 04:30:05
usd,96950,0.990723,0.399338,3694.49,216.04,2024-12-10 04:40:05
usd,96872,0.989685,0.399501,3692.92,215.52,2024-12-10 04:50:05
usd,97096,1.003,0.403608,3707.85,216.28,2024-12-10 05:00:05
usd,96874,1.008,0.404551,3704.37,216.2,2024-12-10 05:10:05
usd,96671,1.006,0.403427,3695.55,215.77,2024-12-10 05:20:05
usd,96593,1.003,0.403096,3689.75,215.18,2024-12-10 05:30:05
usd,96916,1.008,0.406174,3700.46,215.96,2024-12-10 05:40:05
usd,96887,1.004,0.404605,3692.11,215.51,2024-12-10 05:50:05
usd,96939,1.008,0.40603,3703.6,216.12,2024-12-10 06:00:05
usd,97101,1.007,0.407486,3708.09,216.7,2024-12-10 06:10:05
usd,97003,1.01,0.408046,3715.37,217.26,2024-12-10 06:20:05
usd,97256,1.013,0.410274,3727.64,218.09,2024-12-10 06:30:05
usd,97252,1.019,0.41238,3734.08,218.47,2024-12-10 06:40:05
usd,97294,1.016,0.411209,3732.51,218.16,2024-12-10 06:50:05
usd,97524,1.015,0.412119,3743.19,218.61,2024-12-10 07:00:05
usd,97224,1.01,0.408952,3732.2,217.44,2024-12-10 07:10:05
usd,97195,1.007,0.408541,3728.0,217.14,2024-12-10 07:20:05
usd,97066,1.007,0.408258,3728.7,216.69,2024-12-10 07:30:05
usd,96934,1.006,0.407709,3723.99,216.2,2024-12-10 07:40:05
usd,97244,1.011,0.409273,3733.97,217.12,2024-12-10 07:50:05
usd,97205,1.014,0.409001,3733.89,217.21,2024-12-10 08:00:05
usd,97141,1.01,0.407144,3725.08,216.59,2024-12-10 08:10:05
usd,97115,1.008,0.406554,3726.1,216.3,2024-12-10 08:20:05
usd,97484,1.013,0.409546,3740.59,217.39,2024-12-10 08:30:05
usd,97266,1.009,0.408169,3731.87,216.79,2024-12-10 08:40:05
usd,97460,1.012,0.409637,3742.88,217.21,2024-12-10 08:50:05
usd,97445,1.014,0.410164,3745.05,217.42,2024-12-10 09:00:05
usd,97584,1.014,0.411892,3754.59,217.63,2024-12-10 09:10:06
usd,97597,1.02,0.412966,3759.3,217.91,2024-12-10 09:20:05
usd,97502,1.017,0.411723,3750.51,217.59,2024-12-10 09:30:05
usd,97556,1.02,0.411934,3754.94,217.58,2024-12-10 09:40:05
usd,97288,1.011,0.409194,3741.42,216.38,2024-12-10 09:50:05
usd,97531,1.015,0.410515,3751.02,216.91,2024-12-10 10:00:05
usd,97681,1.022,0.412504,3757.85,217.55,2024-12-10 10:10:05
usd,97843,1.03,0.414286,3769.76,218.35,2024-12-10 10:20:06
usd,97645,1.029,0.412652,3758.57,217.48,2024-12-10 10:30:06
usd,97822,1.036,0.414366,3766.01,218.13,2024-12-10 10:40:05
usd,97753,1.032,0.413826,3763.29,217.83,2024-12-10 10:50:05
usd,97648,1.029,0.412469,3761.66,217.41,2024-12-10 11:00:05
usd,97736,1.027,0.412126,3762.48,217.33,2024-12-10 11:10:05
usd,97550,1.02,0.410575,3751.03,216.51,2024-12-10 11:20:05
usd,97754,1.025,0.412147,3762.82,217.05,2024-12-10 11:30:05
usd,97595,1.02,0.409476,3752.62,216.4,2024-12-10 11:40:05
usd,97735,1.019,0.409378,3753.09,216.23,2024-12-10 11:50:05
usd,97797,1.02,0.409861,3755.08,216.36,2024-12-10 12:00:05
usd,97769,1.019,0.409135,3747.26,216.2,2024-12-10 12:10:05
usd,97469,1.013,0.407088,3732.4,215.27,2024-12-10 12:20:06
usd,97312,1.003,0.403678,3722.72,214.14,2024-12-10 12:30:06
usd,97170,0.993884,0.399957,3702.98,213.34,2024-12-10 12:40:06
usd,97088,0.986233,0.396195,3692.69,212.77,2024-12-10 12:50:05
usd,97005,0.975314,0.394259,3677.25,211.47,2024-12-10 13:00:05
usd,97497,0.983856,0.396871,3700.06,213.1,2024-12-10 13:10:05
usd,97750,0.98782,0.398598,3707.14,213.42,2024-12-10 13:20:06
usd,97521,0.985065,0.39654,3694.78,212.49,2024-12-10 13:30:06
usd,97639,0.990282,0.39886,3697.65,213.09,2024-12-10 13:40:05
usd,97942,1.0,0.401364,3710.14,214.56,2024-12-10 13:50:05
usd,97773,0.996246,0.400738,3697.16,214.71,2024-12-10 14:00:05
usd,98040,1.006,0.405095,3720.85,215.8,2024-12-10 14:10:05
usd,97983,1.007,0.405031,3718.73,216.4,2024-12-10 14:20:06
usd,98032,1.009,0.405332,3722.88,217.04,2024-12-10 14:30:05
usd,97484,1.002,0.400527,3690.0,215.67,2024-12-10 14:40:06
usd,98258,1.018,0.404905,3723.28,217.98,2024-12-10 14:50:05
usd,97695,1.007,0.400647,3685.05,216.49,2024-12-10 15:00:06
usd,98080,1.012,0.400405,3691.93,217.28,2024-12-10 15:10:06
usd,97630,1.001,0.395974,3663.77,215.24,2024-12-10 15:20:05
usd,96939,0.989922,0.389966,3623.41,212.1,2024-12-10 15:30:06
usd,96754,0.979824,0.38724,3606.93,212.0,2024-12-10 15:40:06
usd,96172,0.965192,0.382541,3576.92,210.1,2024-12-10 15:50:05
usd,95769,0.952696,0.376728,3562.53,207.84,2024-12-10 16:00:06
usd,95587,0.949174,0.373911,3560.4,206.91,2024-12-10 16:10:05
usd,95314,0.943624,0.37608,3562.77,207.12,2024-12-10 16:20:05
usd,95656,0.950751,0.379552,3583.58,209.4,2024-12-10 16:30:06
usd,95096,0.937261,0.376573,3550.99,207.15,2024-12-10 16:40:05
usd,94788,0.938041,0.378681,3553.37,206.72,2024-12-10 16:50:05
usd,96493,0.964892,0.387071,3618.88,211.31,2024-12-10 17:00:06
usd,95258,0.952324,0.381766,3575.93,208.38,2024-12-10 17:10:06
usd,94800,0.946629,0.379967,3552.71,208.58,2024-12-10 17:20:06
usd,94659,0.934568,0.3763,3547.57,206.97,2024-12-10 17:30:05
usd,94575,0.930419,0.37575,3540.0,205.6,2024-12-10 17:40:05
usd,95348,0.93677,0.377455,3570.09,207.77,2024-12-10 17:50:06
usd,94579,0.921941,0.369511,3539.52,205.21,2024-12-10 18:00:05
usd,94589,0.919377,0.36912,3533.07,204.97,2024-12-10 18:10:05
usd,95146,0.929162,0.374968,3561.73,206.42,2024-12-10 18:20:05
usd,95110,0.936643,0.376671,3566.82,208.79,2024-12-10 18:30:05
usd,95400,0.944285,0.378577,3579.25,210.2,2024-12-10 18:40:05
usd,95532,0.950908,0.381029,3592.84,210.4,2024-12-10 18:50:05
usd,95060,0.945742,0.378858,3578.2,208.78,2024-12-10 19:00:05
usd,95478,0.956545,0.381926,3595.58,210.06,2024-12-10 19:10:05
usd,95639,0.956989,0.382816,3607.06,211.33,2024-12-10 19:20:06
usd,96011,0.960746,0.384849,3620.14,212.0,2024-12-10 19:30:05
usd,95946,0.957906,0.384573,3619.94,211.99,2024-12-10 19:40:05
usd,95579,0.955954,0.382927,3609.98,210.99,2024-12-10 19:50:05
usd,95955,0.963845,0.38513,3629.26,212.21,2024-12-10 20:00:06
usd,96023,0.967681,0.387266,3637.5,212.31,2024-12-10 20:10:05
usd,96157,0.970428,0.387453,3642.9,212.81,2024-12-10 20:20:05
usd,96384,0.972711,0.389092,3652.09,213.41,2024-12-10 20:30:05
usd,96356,0.97476,0.390319,3649.75,213.36,2024-12-10 20:40:05
usd,96523,0.979881,0.391086,3650.37,213.43,2024-12-10 20:50:05
usd,96468,0.981978,0.389519,3640.59,213.13,2024-12-10 21:00:05
usd,96793,1.006,0.394217,3659.02,214.63,2024-12-10 21:10:06
usd,96595,1.005,0.393299,3654.61,214.42,2024-12-10 21:20:06
usd,96874,1.012,0.396247,3671.32,215.23,2024-12-10 21:30:06
usd,96990,1.012,0.396766,3657.68,215.29,2024-12-10 21:40:05
usd,96913,1.009,0.395108,3654.85,214.64,2024-12-10 21:50:06
usd,96769,1.007,0.392529,3640.51,214.13,2024-12-10 22:00:06
usd,96999,1.009,0.394353,3650.41,213.92,2024-12-10 22:10:05
usd,96652,1.002,0.39153,3635.36,213.04,2024-12-10 22:20:06
usd,96744,1.006,0.393386,3643.3,213.68,2024-12-10 22:30:05
usd,96920,1.012,0.393734,3648.07,214.13,2024-12-10 22:40:05
usd,96869,1.013,0.393722,3645.62,214.1,2024-12-10 22:50:05
usd,96912,1.014,0.393866,3642.7,214.49,2024-12-10 23:00:05
usd,97074,1.018,0.394617,3647.05,214.94,2024-12-10 23:10:06
usd,97095,1.022,0.395126,3642.06,214.95,2024-12-10 23:20:06
usd,97086,1.025,0.395244,3639.53,214.52,2024-12-10 23:30:06
usd,96926,1.023,0.395682,3636.59,214.2,2024-12-10 23:40:05
usd,96532,1.017,0.392893,3620.21,213.35,2024-12-10 23:50:06
usd,96643,1.02,0.394169,3627.68,213.63,2024-12-11 00:00:05
usd,96736,1.021,0.39664,3634.62,214.27,2024-12-11 00:10:05
usd,96538,1.016,0.392999,3625.19,213.63,2024-12-11 00:20:05
usd,96446,1.009,0.392335,3620.39,213.4,2024-12-11 00:30:06
usd,96216,1.005,0.389311,3606.56,212.8,2024-12-11 00:40:06
usd,96297,1.0,0.387542,3604.61,212.95,2024-12-11 00:50:05
usd,96501,1.003,0.388885,3613.96,214.64,2024-12-11 01:00:06
usd,96292,0.995154,0.386037,3598.88,214.8,2024-12-11 01:10:06
usd,96496,0.994578,0.384924,3608.94,215.88,2024-12-11 01:20:05
usd,96024,0.980358,0.378931,3578.74,213.6,2024-12-11 01:30:05
usd,96575,0.987153,0.381019,3600.29,214.48,2024-12-11 01:40:05
usd,96430,0.988654,0.381122,3602.07,215.04,2024-12-11 01:50:05
usd,95733,0.977768,0.376471,3569.34,212.36,2024-12-11 02:00:05
usd,96171,0.982617,0.378913,3586.12,213.74,2024-12-11 02:10:05
usd,96169,0.984624,0.38049,3589.18,214.02,2024-12-11 02:20:06
usd,96281,0.992493,0.383025,3603.77,214.53,2024-12-11 02:30:05
usd,97100,1.004,0.386677,3633.4,216.37,2024-12-11 02:40:06
usd,97415,1.012,0.388006,3653.4,217.14,2024-12-11 02:50:05
usd,97257,1.01,0.387578,3646.76,216.21,2024-12-11 03:00:05
usd,97618,1.015,0.390193,3663.88,217.35,2024-12-11 03:10:05
usd,97477,1.018,0.391304,3668.26,218.05,2024-12-11 03:20:06
usd,97396,1.015,0.391077,3665.66,218.09,2024-12-11 03:30:05
usd,97415,1.016,0.390766,3665.15,218.06,2024-12-11 03:40:05
usd,97403,1.013,0.389765,3662.33,218.19,2024-12-11 03:50:05
usd,97403,1.011,0.389516,3662.85,218.66,2024-12-11 04:00:05
usd,97384,1.012,0.389916,3666.13,219.1,2024-12-11 04:10:05
usd,97362,1.01,0.389643,3668.15,218.72,2024-12-11 04:20:05
usd,97289,1.013,0.389726,3666.06,218.29,2024-12-11 04:30:05
usd,97390,1.014,0.389947,3670.32,218.73,2024-12-11 04:40:05
usd,97331,1.013,0.388301,3665.02,218.56,2024-12-11 04:50:05
usd,97562,1.016,0.389822,3670.73,219.06,2024-12-11 05:00:05
usd,97447,1.015,0.389905,3665.77,218.4,2024-12-11 05:10:05
usd,97404,1.013,0.389716,3662.27,217.98,2024-12-11 05:20:05
usd,97432,1.011,0.389829,3658.86,217.96,2024-12-11 05:30:06
usd,97429,1.008,0.389198,3652.49,217.52,2024-12-11 05:40:05
usd,97487,1.011,0.390186,3657.21,217.99,2024-12-11 05:50:05
usd,97538,1.012,0.391003,3659.59,218.4,2024-12-11 06:00:05
usd,97671,1.014,0.392016,3665.86,219.03,2024-12-11 06:10:05
usd,97614,1.014,0.392865,3668.15,218.98,2024-12-11 06:20:05
usd,97651,1.015,0.392683,3669.43,219.29,2024-12-11 06:30:05
usd,97714,1.013,0.391949,3673.14,219.48,2024-12-11 06:40:05
usd,97633,1.011,0.391415,3670.93,219.67,2024-12-11 06:50:05
usd,97687,1.012,0.392157,3674.89,219.96,2024-12-11 07:00:06
usd,97787,1.013,0.392774,3680.25,220.2,2024-12-11 07:10:05
usd,97566,1.01,0.39125,3671.12,219.65,2024-12-11 07:20:06
usd,97615,1.01,0.391278,3670.62,219.67,2024-12-11 07:30:05
usd,97455,1.01,0.391218,3665.42,219.39,2024-12-11 07:40:05
usd,97353,1.008,0.39034,3660.07,219.0,2024-12-11 07:50:05
usd,97408,1.002,0.388207,3656.07,218.95,2024-12-11 08:00:05
usd,97693,1.004,0.389748,3667.91,219.54,2024-12-11 08:10:05
usd,97852,1.008,0.390812,3674.73,220.21,2024-12-11 08:20:06
usd,97987,1.012,0.392786,3681.65,221.08,2024-12-11 08:30:05
usd,98200,1.016,0.395159,3693.43,222.21,2024-12-11 08:40:05
usd,98176,1.018,0.395972,3695.14,222.19,2024-12-11 08:50:05
usd,98141,1.02,0.396331,3696.58,222.01,2024-12-11 09:00:05
usd,97983,1.018,0.395762,3690.78,221.4,2024-12-11 09:10:05
usd,97887,1.014,0.394884,3686.4,221.11,2024-12-11 09:20:06
usd,97880,1.011,0.394899,3690.28,221.06,2024-12-11 09:30:05
usd,97868,1.012,0.395598,3693.93,221.43,2024-12-11 09:40:05
usd,97948,1.012,0.396666,3697.78,221.62,2024-12-11 09:50:05
usd,97990,1.014,0.398438,3700.61,222.26,2024-12-11 10:00:05
usd,98114,1.018,0.399168,3705.17,223.25,2024-12-11 10:10:05
usd,98064,1.016,0.398092,3702.78,223.41,2024-12-11 10:20:06
usd,98019,1.017,0.397957,3701.13,223.48,2024-12-11 10:30:05
usd,97987,1.018,0.398512,3700.15,223.68,2024-12-11 10:40:05
usd,98044,1.017,0.398632,3701.3,223.54,2024-12-11 10:50:05
usd,98235,1.022,0.399905,3706.21,223.77,2024-12-11 11:00:05
usd,98276,1.021,0.400144,3710.44,223.81,2024-12-11 11:10:06
usd,98436,1.025,0.402852,3717.91,224.15,2024-12-11 11:20:05
usd,98454,1.027,0.402808,3720.93,224.55,2024-12-11 11:30:05
usd,98351,1.029,0.403396,3720.24,224.63,2024-12-11 11:40:06
usd,98204,1.024,0.401751,3712.05,224.88,2024-12-11 11:50:05
usd,98350,1.023,0.402041,3714.89,225.07,2024-12-11 12:00:05
usd,98397,1.028,0.402803,3720.41,225.66,2024-12-11 12:10:06
usd,98476,1.03,0.402567,3721.28,225.08,2024-12-11 12:20:05
usd,98370,1.042,0.403184,3724.93,225.05,2024-12-11 12:30:05
usd,98526,1.058,0.404195,3732.2,225.52,2024-12-11 12:40:05
usd,98329,1.064,0.403349,3727.96,225.26,2024-12-11 12:50:05
usd,98329,1.066,0.403101,3725.2,225.11,2024-12-11 13:00:05
usd,98341,1.075,0.403563,3729.63,225.31,2024-12-11 13:10:05
usd,98191,1.069,0.40214,3718.34,224.6,2024-12-11 13:20:06
usd,98328,1.07,0.402023,3723.95,225.18,2024-12-11 13:30:06
usd,98802,1.087,0.407542,3746.31,227.11,2024-12-11 13:40:05
usd,98658,1.081,0.406247,3742.4,226.89,2024-12-11 13:50:05
usd,98762,1.081,0.406392,3741.87,226.74,2024-12-11 14:00:05
